line_id,order_id,product_id,quantity,unit_price,discount_pct
L0001_1,O0001,P008,2,700,0.00
L0001_2,O0001,P004,5,400,0.00
L0001_3,O0001,P019,4,1525,0.00
L0002_1,O0002,P008,5,700,0.10
L0002_2,O0002,P001,5,175,0.00
L0003_1,O0003,P015,5,1225,0.05
L0003_2,O0003,P001,2,175,0.10
L0004_1,O0004,P005,2,475,0.05
L0004_2,O0004,P004,1,400,0.05
L0004_3,O0004,P004,3,400,0.05
L0005_1,O0005,P015,5,1225,0.00
L0006_1,O0006,P020,3,1600,0.10
L0006_2,O0006,P007,1,625,0.00
L0006_3,O0006,P008,3,700,0.00
L0007_1,O0007,P009,4,775,0.10
L0007_2,O0007,P012,2,1000,0.05
L0007_3,O0007,P012,2,1000,0.10
L0007_4,O0007,P009,1,775,0.10
L0008_1,O0008,P006,4,550,0.05
L0008_2,O0008,P009,5,775,0.00
L0009_1,O0009,P002,3,250,0.05
L0009_2,O0009,P009,1,775,0.00
L0010_1,O0010,P016,4,1300,0.10
L0010_2,O0010,P015,2,1225,0.05
L0011_1,O0011,P019,4,1525,0.10
L0011_2,O0011,P013,3,1075,0.00
L0011_3,O0011,P005,5,475,0.05
L0012_1,O0012,P005,2,475,0.10
L0013_1,O0013,P013,4,1075,0.10
L0014_1,O0014,P018,1,1450,0.10
L0014_2,O0014,P004,5,400,0.05
L0014_3,O0014,P011,1,925,0.05
L0015_1,O0015,P001,3,175,0.10
L0015_2,O0015,P006,5,550,0.00
L0015_3,O0015,P010,5,850,0.10
L0015_4,O0015,P007,2,625,0.05
L0016_1,O0016,P020,3,1600,0.05
L0017_1,O0017,P010,2,850,0.00
L0017_2,O0017,P008,5,700,0.00
L0017_3,O0017,P003,4,325,0.00
L0018_1,O0018,P016,5,1300,0.00
L0018_2,O0018,P009,5,775,0.10
L0019_1,O0019,P010,4,850,0.10
L0019_2,O0019,P012,4,1000,0.10
L0020_1,O0020,P008,1,700,0.05
L0020_2,O0020,P001,5,175,0.10
L0021_1,O0021,P001,1,175,0.10
L0021_2,O0021,P002,2,250,0.00
L0022_1,O0022,P017,2,1375,0.05
L0023_1,O0023,P019,5,1525,0.05
L0023_2,O0023,P008,4,700,0.05
L0024_1,O0024,P014,3,1150,0.05
L0025_1,O0025,P004,1,400,0.05
L0026_1,O0026,P007,2,625,0.10
L0026_2,O0026,P015,2,1225,0.05
L0027_1,O0027,P008,1,700,0.05
L0027_2,O0027,P018,1,1450,0.00
L0027_3,O0027,P018,1,1450,0.00
L0027_4,O0027,P008,2,700,0.05
L0028_1,O0028,P013,1,1075,0.00
L0028_2,O0028,P013,1,1075,0.05
L0029_1,O0029,P014,5,1150,0.10
L0029_2,O0029,P016,2,1300,0.00
L0029_3,O0029,P010,2,850,0.00
L0030_1,O0030,P011,1,925,0.00
L0031_1,O0031,P002,5,250,0.00
L0031_2,O0031,P006,1,550,0.10
L0032_1,O0032,P004,5,400,0.00
L0032_2,O0032,P019,5,1525,0.00
L0032_3,O0032,P020,1,1600,0.05
L0032_4,O0032,P019,5,1525,0.10
L0033_1,O0033,P011,2,925,0.05
L0033_2,O0033,P013,2,1075,0.10
L0034_1,O0034,P003,1,325,0.05
L0034_2,O0034,P020,5,1600,0.00
L0034_3,O0034,P003,5,325,0.00
L0035_1,O0035,P012,1,1000,0.00
L0035_2,O0035,P012,3,1000,0.00
L0036_1,O0036,P020,5,1600,0.00
L0036_2,O0036,P018,3,1450,0.10
L0036_3,O0036,P004,2,400,0.05
L0037_1,O0037,P009,3,775,0.10
L0037_2,O0037,P007,3,625,0.00
L0038_1,O0038,P009,1,775,0.00
L0038_2,O0038,P014,3,1150,0.00
L0038_3,O0038,P001,3,175,0.00
L0038_4,O0038,P009,2,775,0.10
L0039_1,O0039,P018,1,1450,0.00
L0039_2,O0039,P003,2,325,0.10
L0039_3,O0039,P002,3,250,0.10
L0039_4,O0039,P018,2,1450,0.05
L0040_1,O0040,P012,1,1000,0.05
L0040_2,O0040,P007,2,625,0.10
L0040_3,O0040,P004,3,400,0.10
L0041_1,O0041,P008,2,700,0.00
L0041_2,O0041,P014,1,1150,0.00
L0042_1,O0042,P009,2,775,0.10
L0042_2,O0042,P004,4,400,0.00
L0043_1,O0043,P015,3,1225,0.05
L0043_2,O0043,P008,2,700,0.00
L0044_1,O0044,P009,1,775,0.05
L0044_2,O0044,P012,5,1000,0.05
L0044_3,O0044,P018,3,1450,0.00
L0045_1,O0045,P019,3,1525,0.00
L0045_2,O0045,P004,5,400,0.05
L0046_1,O0046,P020,5,1600,0.00
L0046_2,O0046,P013,5,1075,0.00
L0046_3,O0046,P009,1,775,0.10
L0046_4,O0046,P014,1,1150,0.10
L0047_1,O0047,P014,1,1150,0.10
L0047_2,O0047,P011,5,925,0.05
L0047_3,O0047,P004,3,400,0.10
L0048_1,O0048,P013,3,1075,0.10
L0048_2,O0048,P005,2,475,0.05
L0048_3,O0048,P013,2,1075,0.10
L0049_1,O0049,P018,1,1450,0.05
L0049_2,O0049,P010,2,850,0.05
L0049_3,O0049,P019,5,1525,0.10
L0049_4,O0049,P011,4,925,0.05
L0050_1,O0050,P006,1,550,0.05
L0050_2,O0050,P017,5,1375,0.05
L0050_3,O0050,P003,2,325,0.10
L0050_4,O0050,P010,2,850,0.00
L0051_1,O0051,P008,4,700,0.10
L0052_1,O0052,P019,2,1525,0.10
L0052_2,O0052,P013,4,1075,0.05
L0052_3,O0052,P008,2,700,0.10
L0052_4,O0052,P001,1,175,0.05
L0053_1,O0053,P002,5,250,0.00
L0053_2,O0053,P004,4,400,0.00
L0053_3,O0053,P015,5,1225,0.10
L0053_4,O0053,P020,3,1600,0.05
L0054_1,O0054,P018,4,1450,0.00
L0054_2,O0054,P016,4,1300,0.05
L0054_3,O0054,P008,3,700,0.10
L0054_4,O0054,P016,2,1300,0.05
L0055_1,O0055,P008,3,700,0.05
L0055_2,O0055,P011,5,925,0.00
L0055_3,O0055,P005,2,475,0.00
L0056_1,O0056,P003,4,325,0.05
L0056_2,O0056,P011,5,925,0.05
L0057_1,O0057,P014,4,1150,0.10
L0057_2,O0057,P001,5,175,0.05
L0058_1,O0058,P010,4,850,0.05
L0058_2,O0058,P018,5,1450,0.10
L0058_3,O0058,P008,4,700,0.00
L0059_1,O0059,P001,4,175,0.05
L0059_2,O0059,P013,2,1075,0.05
L0059_3,O0059,P005,5,475,0.10
L0059_4,O0059,P001,4,175,0.10
L0060_1,O0060,P014,2,1150,0.05
L0061_1,O0061,P013,3,1075,0.00
L0061_2,O0061,P015,3,1225,0.05
L0061_3,O0061,P013,3,1075,0.05
L0062_1,O0062,P001,5,175,0.00
L0062_2,O0062,P012,2,1000,0.10
L0062_3,O0062,P003,1,325,0.00
L0062_4,O0062,P008,2,700,0.00
L0063_1,O0063,P005,4,475,0.10
L0063_2,O0063,P004,5,400,0.00
L0064_1,O0064,P006,5,550,0.10
L0064_2,O0064,P004,2,400,0.05
L0064_3,O0064,P004,5,400,0.00
L0065_1,O0065,P013,2,1075,0.00
L0065_2,O0065,P019,2,1525,0.00
L0065_3,O0065,P010,5,850,0.00
L0065_4,O0065,P019,1,1525,0.05
L0066_1,O0066,P003,5,325,0.10
L0066_2,O0066,P011,1,925,0.05
L0066_3,O0066,P016,1,1300,0.05
L0067_1,O0067,P014,2,1150,0.10
L0067_2,O0067,P017,3,1375,0.10
L0068_1,O0068,P014,5,1150,0.05
L0068_2,O0068,P011,2,925,0.00
L0068_3,O0068,P009,4,775,0.00
L0068_4,O0068,P015,5,1225,0.10
L0069_1,O0069,P016,3,1300,0.00
L0070_1,O0070,P009,3,775,0.05
L0070_2,O0070,P020,3,1600,0.10
L0070_3,O0070,P001,5,175,0.00
L0071_1,O0071,P016,5,1300,0.00
L0071_2,O0071,P016,4,1300,0.05
L0071_3,O0071,P001,1,175,0.05
L0071_4,O0071,P008,4,700,0.10
L0072_1,O0072,P016,5,1300,0.10
L0072_2,O0072,P012,4,1000,0.10
L0072_3,O0072,P018,3,1450,0.05
L0073_1,O0073,P009,2,775,0.00
L0073_2,O0073,P007,3,625,0.00
L0073_3,O0073,P018,2,1450,0.00
L0074_1,O0074,P019,5,1525,0.10
L0074_2,O0074,P010,1,850,0.00
L0074_3,O0074,P010,2,850,0.05
L0075_1,O0075,P018,2,1450,0.05
L0076_1,O0076,P005,4,475,0.00
L0076_2,O0076,P001,5,175,0.05
L0076_3,O0076,P016,4,1300,0.05
L0077_1,O0077,P009,4,775,0.00
L0078_1,O0078,P003,5,325,0.10
L0078_2,O0078,P002,2,250,0.00
L0078_3,O0078,P019,3,1525,0.00
L0078_4,O0078,P008,1,700,0.10
L0079_1,O0079,P017,4,1375,0.05
L0079_2,O0079,P015,3,1225,0.10
L0080_1,O0080,P020,1,1600,0.00
L0081_1,O0081,P006,2,550,0.00
L0082_1,O0082,P001,4,175,0.05
L0082_2,O0082,P020,4,1600,0.05
L0083_1,O0083,P010,4,850,0.00
L0083_2,O0083,P008,3,700,0.10
L0083_3,O0083,P019,2,1525,0.05
L0084_1,O0084,P005,3,475,0.00
L0084_2,O0084,P003,1,325,0.00
L0085_1,O0085,P015,1,1225,0.05
L0085_2,O0085,P010,4,850,0.05
L0085_3,O0085,P017,5,1375,0.05
L0086_1,O0086,P014,3,1150,0.10
L0087_1,O0087,P008,5,700,0.10
L0088_1,O0088,P006,4,550,0.10
L0089_1,O0089,P019,4,1525,0.10
L0089_2,O0089,P016,1,1300,0.05
L0090_1,O0090,P011,1,925,0.00
L0090_2,O0090,P011,4,925,0.10
L0090_3,O0090,P016,3,1300,0.10
L0091_1,O0091,P015,1,1225,0.05
L0092_1,O0092,P013,5,1075,0.00
L0093_1,O0093,P002,2,250,0.10
L0093_2,O0093,P012,5,1000,0.05
L0093_3,O0093,P015,1,1225,0.00
L0093_4,O0093,P009,5,775,0.00
L0094_1,O0094,P004,1,400,0.10
L0094_2,O0094,P020,2,1600,0.10
L0094_3,O0094,P006,3,550,0.10
L0094_4,O0094,P001,5,175,0.05
L0095_1,O0095,P015,1,1225,0.10
L0096_1,O0096,P017,3,1375,0.05
L0096_2,O0096,P016,4,1300,0.00
L0096_3,O0096,P015,5,1225,0.00
L0097_1,O0097,P003,3,325,0.05
L0097_2,O0097,P011,5,925,0.05
L0098_1,O0098,P019,5,1525,0.10
L0098_2,O0098,P016,2,1300,0.05
L0098_3,O0098,P018,4,1450,0.05
L0099_1,O0099,P015,3,1225,0.00
L0099_2,O0099,P008,5,700,0.05
L0099_3,O0099,P008,4,700,0.00
L0099_4,O0099,P011,4,925,0.10
L0100_1,O0100,P016,1,1300,0.00
L0100_2,O0100,P017,5,1375,0.05
L0101_1,O0101,P017,4,1375,0.00
L0102_1,O0102,P003,4,325,0.05
L0102_2,O0102,P011,5,925,0.10
L0103_1,O0103,P018,4,1450,0.05
L0103_2,O0103,P016,5,1300,0.00
L0103_3,O0103,P020,1,1600,0.00
L0104_1,O0104,P014,1,1150,0.10
L0105_1,O0105,P010,1,850,0.00
L0105_2,O0105,P011,1,925,0.05
L0106_1,O0106,P005,2,475,0.10
L0106_2,O0106,P014,5,1150,0.10
L0106_3,O0106,P006,2,550,0.00
L0106_4,O0106,P003,5,325,0.05
L0107_1,O0107,P019,2,1525,0.00
L0107_2,O0107,P015,3,1225,0.05
L0107_3,O0107,P009,1,775,0.05
L0107_4,O0107,P010,5,850,0.00
L0108_1,O0108,P019,3,1525,0.10
L0108_2,O0108,P014,3,1150,0.05
L0108_3,O0108,P010,2,850,0.05
L0109_1,O0109,P013,5,1075,0.05
L0109_2,O0109,P019,3,1525,0.10
L0110_1,O0110,P009,1,775,0.10
L0110_2,O0110,P002,5,250,0.10
L0110_3,O0110,P016,3,1300,0.00
L0110_4,O0110,P020,3,1600,0.00
L0111_1,O0111,P005,1,475,0.10
L0111_2,O0111,P002,3,250,0.05
L0111_3,O0111,P002,5,250,0.05
L0112_1,O0112,P011,4,925,0.00
L0112_2,O0112,P007,2,625,0.10
L0112_3,O0112,P012,5,1000,0.10
L0113_1,O0113,P016,3,1300,0.10
L0113_2,O0113,P011,1,925,0.05
L0113_3,O0113,P003,2,325,0.00
L0114_1,O0114,P003,4,325,0.00
L0114_2,O0114,P009,5,775,0.00
L0114_3,O0114,P015,3,1225,0.10
L0115_1,O0115,P012,1,1000,0.10
L0115_2,O0115,P008,4,700,0.00
L0115_3,O0115,P020,5,1600,0.05
L0115_4,O0115,P020,2,1600,0.10
L0116_1,O0116,P014,1,1150,0.00
L0116_2,O0116,P002,1,250,0.05
L0116_3,O0116,P016,1,1300,0.00
L0117_1,O0117,P013,4,1075,0.05
L0117_2,O0117,P018,4,1450,0.10
L0118_1,O0118,P016,5,1300,0.05
L0119_1,O0119,P007,4,625,0.05
L0119_2,O0119,P008,3,700,0.00
L0119_3,O0119,P012,5,1000,0.10
L0120_1,O0120,P009,2,775,0.00
L0120_2,O0120,P015,1,1225,0.10
L0120_3,O0120,P007,5,625,0.00
L0120_4,O0120,P002,3,250,0.00
L0121_1,O0121,P003,5,325,0.00
L0121_2,O0121,P019,2,1525,0.00
L0122_1,O0122,P009,2,775,0.00
L0123_1,O0123,P004,1,400,0.00
L0123_2,O0123,P001,3,175,0.00
L0124_1,O0124,P006,3,550,0.00
L0125_1,O0125,P003,4,325,0.05
L0126_1,O0126,P015,5,1225,0.00
L0127_1,O0127,P015,1,1225,0.00
L0127_2,O0127,P016,4,1300,0.05
L0127_3,O0127,P004,4,400,0.10
L0128_1,O0128,P011,5,925,0.00
L0129_1,O0129,P020,5,1600,0.10
L0129_2,O0129,P011,4,925,0.10
L0129_3,O0129,P017,3,1375,0.05
L0130_1,O0130,P004,1,400,0.10
L0130_2,O0130,P018,2,1450,0.05
L0130_3,O0130,P015,2,1225,0.05
L0130_4,O0130,P011,4,925,0.05
L0131_1,O0131,P014,3,1150,0.10
L0131_2,O0131,P009,3,775,0.00
L0131_3,O0131,P016,1,1300,0.00
L0132_1,O0132,P004,3,400,0.00
L0132_2,O0132,P018,1,1450,0.10
L0132_3,O0132,P018,5,1450,0.05
L0132_4,O0132,P004,4,400,0.05
L0133_1,O0133,P020,3,1600,0.05
L0133_2,O0133,P004,5,400,0.10
L0133_3,O0133,P007,2,625,0.10
L0134_1,O0134,P012,5,1000,0.05
L0135_1,O0135,P014,5,1150,0.10
L0135_2,O0135,P020,5,1600,0.00
L0136_1,O0136,P006,3,550,0.10
L0137_1,O0137,P001,2,175,0.00
L0137_2,O0137,P019,4,1525,0.00
L0137_3,O0137,P005,1,475,0.00
L0138_1,O0138,P014,4,1150,0.05
L0138_2,O0138,P006,3,550,0.05
L0138_3,O0138,P011,5,925,0.10
L0138_4,O0138,P003,1,325,0.00
L0139_1,O0139,P003,3,325,0.05
L0140_1,O0140,P014,3,1150,0.00
L0140_2,O0140,P017,1,1375,0.05
L0140_3,O0140,P014,1,1150,0.05
L0140_4,O0140,P019,4,1525,0.10
L0141_1,O0141,P013,5,1075,0.00
L0141_2,O0141,P001,2,175,0.05
L0142_1,O0142,P010,3,850,0.00
L0142_2,O0142,P001,4,175,0.10
L0142_3,O0142,P014,2,1150,0.00
L0143_1,O0143,P017,5,1375,0.10
L0143_2,O0143,P012,1,1000,0.05
L0144_1,O0144,P015,1,1225,0.05
L0145_1,O0145,P014,3,1150,0.00
L0145_2,O0145,P013,1,1075,0.05
L0145_3,O0145,P006,5,550,0.05
L0145_4,O0145,P012,1,1000,0.05
L0146_1,O0146,P019,4,1525,0.10
L0146_2,O0146,P003,4,325,0.05
L0146_3,O0146,P011,2,925,0.05
L0146_4,O0146,P006,1,550,0.10
L0147_1,O0147,P012,3,1000,0.10
L0147_2,O0147,P005,2,475,0.00
L0148_1,O0148,P006,5,550,0.00
L0148_2,O0148,P003,2,325,0.10
L0149_1,O0149,P019,5,1525,0.05
L0149_2,O0149,P011,2,925,0.05
L0149_3,O0149,P003,4,325,0.05
L0149_4,O0149,P010,3,850,0.10
L0150_1,O0150,P010,4,850,0.05
L0151_1,O0151,P010,1,850,0.10
L0151_2,O0151,P003,5,325,0.10
L0151_3,O0151,P017,4,1375,0.05
L0152_1,O0152,P015,5,1225,0.10
L0153_1,O0153,P017,2,1375,0.00
L0153_2,O0153,P015,1,1225,0.05
L0153_3,O0153,P003,5,325,0.10
L0153_4,O0153,P006,1,550,0.00
L0154_1,O0154,P012,3,1000,0.05
L0154_2,O0154,P013,4,1075,0.05
L0155_1,O0155,P003,3,325,0.00
L0155_2,O0155,P018,4,1450,0.05
L0155_3,O0155,P009,5,775,0.00
L0156_1,O0156,P012,3,1000,0.10
L0156_2,O0156,P013,2,1075,0.10
L0157_1,O0157,P011,2,925,0.10
L0157_2,O0157,P017,1,1375,0.10
L0157_3,O0157,P014,5,1150,0.05
L0157_4,O0157,P001,3,175,0.05
L0158_1,O0158,P016,2,1300,0.00
L0158_2,O0158,P005,2,475,0.00
L0158_3,O0158,P010,1,850,0.10
L0159_1,O0159,P011,5,925,0.00
L0160_1,O0160,P006,2,550,0.10
L0160_2,O0160,P020,2,1600,0.10
L0161_1,O0161,P012,2,1000,0.05
L0161_2,O0161,P020,3,1600,0.10
L0161_3,O0161,P015,2,1225,0.10
L0161_4,O0161,P008,3,700,0.05
L0162_1,O0162,P015,3,1225,0.05
L0162_2,O0162,P017,5,1375,0.05
L0162_3,O0162,P006,2,550,0.10
L0162_4,O0162,P005,3,475,0.00
L0163_1,O0163,P017,1,1375,0.05
L0164_1,O0164,P015,5,1225,0.00
L0164_2,O0164,P014,1,1150,0.00
L0164_3,O0164,P015,3,1225,0.00
L0165_1,O0165,P017,3,1375,0.00
L0165_2,O0165,P013,1,1075,0.05
L0165_3,O0165,P008,1,700,0.05
L0165_4,O0165,P004,3,400,0.00
L0166_1,O0166,P016,2,1300,0.10
L0166_2,O0166,P016,4,1300,0.10
L0166_3,O0166,P001,1,175,0.00
L0167_1,O0167,P018,5,1450,0.10
L0167_2,O0167,P014,1,1150,0.05
L0168_1,O0168,P002,2,250,0.05
L0169_1,O0169,P004,4,400,0.10
L0170_1,O0170,P005,3,475,0.05
L0170_2,O0170,P001,5,175,0.05
L0171_1,O0171,P006,1,550,0.10
L0171_2,O0171,P012,1,1000,0.10
L0171_3,O0171,P018,5,1450,0.10
L0171_4,O0171,P018,1,1450,0.05
L0172_1,O0172,P012,3,1000,0.10
L0172_2,O0172,P001,3,175,0.00
L0172_3,O0172,P012,2,1000,0.10
L0172_4,O0172,P004,5,400,0.10
L0173_1,O0173,P012,5,1000,0.05
L0174_1,O0174,P006,2,550,0.00
L0174_2,O0174,P015,1,1225,0.05
L0174_3,O0174,P007,1,625,0.00
L0174_4,O0174,P002,3,250,0.05
L0175_1,O0175,P009,1,775,0.10
L0175_2,O0175,P007,3,625,0.05
L0175_3,O0175,P002,3,250,0.05
L0175_4,O0175,P004,3,400,0.05
L0176_1,O0176,P011,2,925,0.05
L0176_2,O0176,P016,3,1300,0.10
L0176_3,O0176,P009,1,775,0.10
L0176_4,O0176,P014,1,1150,0.05
L0177_1,O0177,P011,1,925,0.00
L0177_2,O0177,P011,3,925,0.05
L0177_3,O0177,P015,5,1225,0.10
L0178_1,O0178,P012,4,1000,0.00
L0178_2,O0178,P012,5,1000,0.05
L0178_3,O0178,P009,1,775,0.00
L0178_4,O0178,P013,3,1075,0.10
L0179_1,O0179,P020,4,1600,0.00
L0179_2,O0179,P005,1,475,0.00
L0180_1,O0180,P019,1,1525,0.10
L0180_2,O0180,P005,4,475,0.05
L0180_3,O0180,P012,4,1000,0.00
L0180_4,O0180,P019,2,1525,0.10
L0181_1,O0181,P009,2,775,0.00
L0181_2,O0181,P001,2,175,0.05
L0181_3,O0181,P017,4,1375,0.10
L0182_1,O0182,P015,2,1225,0.10
L0182_2,O0182,P010,4,850,0.00
L0182_3,O0182,P004,2,400,0.00
L0183_1,O0183,P003,3,325,0.10
L0183_2,O0183,P012,1,1000,0.10
L0183_3,O0183,P018,3,1450,0.05
L0183_4,O0183,P006,2,550,0.05
L0184_1,O0184,P007,2,625,0.00
L0185_1,O0185,P018,5,1450,0.05
L0185_2,O0185,P015,5,1225,0.00
L0185_3,O0185,P020,1,1600,0.00
L0186_1,O0186,P017,4,1375,0.05
L0186_2,O0186,P019,1,1525,0.00
L0186_3,O0186,P011,1,925,0.05
L0186_4,O0186,P015,5,1225,0.05
L0187_1,O0187,P005,4,475,0.10
L0187_2,O0187,P002,1,250,0.10
L0188_1,O0188,P006,3,550,0.10
L0188_2,O0188,P008,3,700,0.10
L0189_1,O0189,P007,5,625,0.05
L0189_2,O0189,P005,3,475,0.10
L0189_3,O0189,P018,1,1450,0.10
L0190_1,O0190,P006,5,550,0.10
L0190_2,O0190,P020,3,1600,0.10
L0191_1,O0191,P002,5,250,0.05
L0192_1,O0192,P020,1,1600,0.05
L0192_2,O0192,P018,3,1450,0.10
L0192_3,O0192,P010,4,850,0.00
L0192_4,O0192,P013,3,1075,0.05
L0193_1,O0193,P015,4,1225,0.05
L0193_2,O0193,P015,2,1225,0.05
L0194_1,O0194,P011,3,925,0.05
L0194_2,O0194,P005,3,475,0.10
L0194_3,O0194,P018,1,1450,0.05
L0195_1,O0195,P009,4,775,0.00
L0196_1,O0196,P010,4,850,0.10
L0197_1,O0197,P011,5,925,0.10
L0197_2,O0197,P011,2,925,0.00
L0198_1,O0198,P016,3,1300,0.05
L0198_2,O0198,P001,1,175,0.05
L0198_3,O0198,P017,4,1375,0.00
L0198_4,O0198,P007,5,625,0.05
L0199_1,O0199,P016,5,1300,0.10
L0199_2,O0199,P016,3,1300,0.10
L0199_3,O0199,P001,1,175,0.05
L0200_1,O0200,P013,3,1075,0.00
L0200_2,O0200,P013,1,1075,0.10
L0200_3,O0200,P018,2,1450,0.05
L0201_1,O0201,P013,5,1075,0.05
L0202_1,O0202,P005,1,475,0.05
L0203_1,O0203,P005,2,475,0.10
L0203_2,O0203,P017,4,1375,0.10
L0203_3,O0203,P002,1,250,0.00
L0204_1,O0204,P017,4,1375,0.00
L0204_2,O0204,P020,5,1600,0.00
L0204_3,O0204,P011,5,925,0.05
L0204_4,O0204,P006,4,550,0.10
L0205_1,O0205,P017,5,1375,0.10
L0205_2,O0205,P016,5,1300,0.05
L0205_3,O0205,P016,1,1300,0.05
L0206_1,O0206,P019,3,1525,0.10
L0206_2,O0206,P001,5,175,0.05
L0206_3,O0206,P009,5,775,0.10
L0206_4,O0206,P008,1,700,0.10
L0207_1,O0207,P005,2,475,0.00
L0207_2,O0207,P019,1,1525,0.00
L0207_3,O0207,P001,4,175,0.05
L0207_4,O0207,P014,2,1150,0.05
L0208_1,O0208,P002,2,250,0.10
L0208_2,O0208,P007,5,625,0.05
L0208_3,O0208,P016,5,1300,0.05
L0208_4,O0208,P011,2,925,0.05
L0209_1,O0209,P009,5,775,0.05
L0209_2,O0209,P007,2,625,0.05
L0209_3,O0209,P018,3,1450,0.00
L0210_1,O0210,P016,3,1300,0.05
L0210_2,O0210,P012,5,1000,0.10
L0211_1,O0211,P019,5,1525,0.05
L0212_1,O0212,P010,1,850,0.05
L0212_2,O0212,P003,3,325,0.05
L0213_1,O0213,P007,5,625,0.05
L0213_2,O0213,P018,3,1450,0.00
L0214_1,O0214,P008,1,700,0.10
L0214_2,O0214,P017,2,1375,0.10
L0215_1,O0215,P014,3,1150,0.10
L0216_1,O0216,P001,5,175,0.00
L0216_2,O0216,P014,4,1150,0.05
L0217_1,O0217,P010,1,850,0.00
L0217_2,O0217,P019,2,1525,0.10
L0217_3,O0217,P002,2,250,0.05
L0218_1,O0218,P016,2,1300,0.10
L0218_2,O0218,P010,1,850,0.00
L0218_3,O0218,P010,5,850,0.10
L0218_4,O0218,P004,3,400,0.05
L0219_1,O0219,P005,5,475,0.05
L0219_2,O0219,P009,2,775,0.00
L0219_3,O0219,P011,2,925,0.10
L0219_4,O0219,P015,3,1225,0.10
L0220_1,O0220,P010,5,850,0.10
L0220_2,O0220,P007,2,625,0.10
L0220_3,O0220,P013,4,1075,0.10
L0221_1,O0221,P004,2,400,0.00
L0221_2,O0221,P016,3,1300,0.00
L0221_3,O0221,P001,3,175,0.05
L0221_4,O0221,P008,4,700,0.05
L0222_1,O0222,P009,3,775,0.10
L0223_1,O0223,P015,3,1225,0.00
L0224_1,O0224,P004,3,400,0.05
L0224_2,O0224,P020,2,1600,0.00
L0224_3,O0224,P005,4,475,0.00
L0225_1,O0225,P014,5,1150,0.05
L0225_2,O0225,P018,2,1450,0.00
L0225_3,O0225,P020,1,1600,0.10
L0226_1,O0226,P003,5,325,0.00
L0226_2,O0226,P002,5,250,0.10
L0226_3,O0226,P007,5,625,0.10
L0227_1,O0227,P017,4,1375,0.00
L0227_2,O0227,P007,5,625,0.05
L0227_3,O0227,P003,5,325,0.05
L0228_1,O0228,P017,4,1375,0.05
L0228_2,O0228,P019,1,1525,0.10
L0229_1,O0229,P013,3,1075,0.00
L0230_1,O0230,P002,4,250,0.05
L0231_1,O0231,P003,4,325,0.00
L0232_1,O0232,P005,4,475,0.05
L0232_2,O0232,P013,4,1075,0.05
L0233_1,O0233,P012,1,1000,0.00
L0233_2,O0233,P018,4,1450,0.10
L0234_1,O0234,P001,3,175,0.05
L0235_1,O0235,P008,2,700,0.05
L0235_2,O0235,P012,2,1000,0.05
L0235_3,O0235,P007,1,625,0.00
L0235_4,O0235,P014,5,1150,0.00
L0236_1,O0236,P004,5,400,0.00
L0237_1,O0237,P008,1,700,0.05
L0238_1,O0238,P002,2,250,0.10
L0238_2,O0238,P010,2,850,0.10
L0239_1,O0239,P008,3,700,0.00
L0239_2,O0239,P017,2,1375,0.05
L0239_3,O0239,P010,3,850,0.00
L0240_1,O0240,P014,5,1150,0.05
L0240_2,O0240,P002,3,250,0.10
L0241_1,O0241,P014,4,1150,0.00
L0241_2,O0241,P010,4,850,0.00
L0241_3,O0241,P018,4,1450,0.00
L0242_1,O0242,P015,1,1225,0.10
L0242_2,O0242,P014,4,1150,0.10
L0243_1,O0243,P008,3,700,0.00
L0243_2,O0243,P011,1,925,0.05
L0243_3,O0243,P012,1,1000,0.10
L0243_4,O0243,P007,1,625,0.05
L0244_1,O0244,P003,2,325,0.10
L0245_1,O0245,P007,3,625,0.05
L0245_2,O0245,P001,2,175,0.00
L0245_3,O0245,P004,4,400,0.00
L0245_4,O0245,P020,2,1600,0.05
L0246_1,O0246,P010,4,850,0.05
L0246_2,O0246,P018,3,1450,0.05
L0246_3,O0246,P009,3,775,0.10
L0247_1,O0247,P016,3,1300,0.00
L0248_1,O0248,P002,5,250,0.00
L0248_2,O0248,P005,1,475,0.05
L0248_3,O0248,P018,5,1450,0.10
L0248_4,O0248,P014,3,1150,0.00
L0249_1,O0249,P013,5,1075,0.00
L0249_2,O0249,P016,5,1300,0.10
L0250_1,O0250,P016,4,1300,0.00
L0250_2,O0250,P012,2,1000,0.00
L0250_3,O0250,P018,4,1450,0.00
L0250_4,O0250,P018,1,1450,0.10
L0251_1,O0251,P001,4,175,0.00
L0252_1,O0252,P001,2,175,0.10
L0252_2,O0252,P015,3,1225,0.00
L0253_1,O0253,P016,1,1300,0.00
L0253_2,O0253,P018,5,1450,0.05
L0253_3,O0253,P001,1,175,0.10
L0253_4,O0253,P009,5,775,0.05
L0254_1,O0254,P006,1,550,0.00
L0254_2,O0254,P017,2,1375,0.00
L0254_3,O0254,P007,5,625,0.10
L0254_4,O0254,P009,3,775,0.05
L0255_1,O0255,P013,4,1075,0.10
L0255_2,O0255,P008,2,700,0.05
L0255_3,O0255,P003,1,325,0.00
L0256_1,O0256,P018,4,1450,0.00
L0256_2,O0256,P001,2,175,0.00
L0256_3,O0256,P016,4,1300,0.10
L0256_4,O0256,P011,5,925,0.00
L0257_1,O0257,P007,5,625,0.05
L0257_2,O0257,P009,1,775,0.00
L0258_1,O0258,P006,3,550,0.00
L0259_1,O0259,P013,1,1075,0.05
L0259_2,O0259,P006,5,550,0.00
L0260_1,O0260,P013,2,1075,0.10
L0260_2,O0260,P003,5,325,0.10
L0260_3,O0260,P012,1,1000,0.00
L0261_1,O0261,P011,5,925,0.10
L0262_1,O0262,P001,3,175,0.05
L0262_2,O0262,P016,2,1300,0.05
L0262_3,O0262,P018,4,1450,0.05
L0263_1,O0263,P003,5,325,0.05
L0263_2,O0263,P008,1,700,0.00
L0263_3,O0263,P009,2,775,0.05
L0263_4,O0263,P005,4,475,0.05
L0264_1,O0264,P001,3,175,0.05
L0265_1,O0265,P005,1,475,0.00
L0266_1,O0266,P004,1,400,0.00
L0266_2,O0266,P012,5,1000,0.00
L0266_3,O0266,P020,5,1600,0.05
L0266_4,O0266,P013,1,1075,0.05
L0267_1,O0267,P018,2,1450,0.10
L0268_1,O0268,P006,2,550,0.05
L0268_2,O0268,P010,3,850,0.05
L0268_3,O0268,P005,1,475,0.00
L0268_4,O0268,P014,3,1150,0.05
L0269_1,O0269,P012,3,1000,0.00
L0270_1,O0270,P015,1,1225,0.00
L0270_2,O0270,P010,1,850,0.05
L0271_1,O0271,P011,4,925,0.05
L0271_2,O0271,P014,5,1150,0.00
L0271_3,O0271,P010,3,850,0.10
L0271_4,O0271,P007,4,625,0.05
L0272_1,O0272,P010,4,850,0.10
L0272_2,O0272,P008,3,700,0.05
L0272_3,O0272,P009,4,775,0.05
L0273_1,O0273,P019,5,1525,0.00
L0273_2,O0273,P018,1,1450,0.10
L0274_1,O0274,P010,1,850,0.05
L0274_2,O0274,P016,2,1300,0.10
L0274_3,O0274,P010,2,850,0.05
L0274_4,O0274,P005,4,475,0.05
L0275_1,O0275,P019,4,1525,0.10
L0275_2,O0275,P017,4,1375,0.10
L0275_3,O0275,P002,3,250,0.10
L0275_4,O0275,P018,5,1450,0.10
L0276_1,O0276,P012,2,1000,0.10
L0276_2,O0276,P020,1,1600,0.10
L0277_1,O0277,P004,1,400,0.00
L0277_2,O0277,P009,2,775,0.10
L0277_3,O0277,P017,5,1375,0.10
L0277_4,O0277,P019,2,1525,0.05
L0278_1,O0278,P019,5,1525,0.00
L0278_2,O0278,P012,1,1000,0.05
L0278_3,O0278,P004,3,400,0.05
L0278_4,O0278,P003,1,325,0.10
L0279_1,O0279,P011,4,925,0.00
L0279_2,O0279,P017,4,1375,0.05
L0279_3,O0279,P016,1,1300,0.05
L0280_1,O0280,P010,1,850,0.10
L0281_1,O0281,P004,2,400,0.10
L0281_2,O0281,P008,5,700,0.00
L0281_3,O0281,P018,2,1450,0.05
L0282_1,O0282,P008,4,700,0.10
L0282_2,O0282,P006,2,550,0.10
L0282_3,O0282,P014,4,1150,0.00
L0282_4,O0282,P020,2,1600,0.05
L0283_1,O0283,P001,2,175,0.00
L0283_2,O0283,P009,1,775,0.10
L0283_3,O0283,P004,5,400,0.00
L0283_4,O0283,P012,3,1000,0.00
L0284_1,O0284,P016,5,1300,0.10
L0284_2,O0284,P011,5,925,0.05
L0284_3,O0284,P020,4,1600,0.10
L0285_1,O0285,P015,5,1225,0.00
L0285_2,O0285,P010,5,850,0.10
L0285_3,O0285,P003,2,325,0.05
L0286_1,O0286,P004,2,400,0.05
L0286_2,O0286,P005,5,475,0.05
L0286_3,O0286,P014,5,1150,0.00
L0287_1,O0287,P006,4,550,0.10
L0287_2,O0287,P018,2,1450,0.10
L0287_3,O0287,P006,4,550,0.05
L0287_4,O0287,P005,2,475,0.05
L0288_1,O0288,P012,1,1000,0.05
L0289_1,O0289,P018,5,1450,0.10
L0289_2,O0289,P016,4,1300,0.10
L0289_3,O0289,P016,4,1300,0.10
L0289_4,O0289,P015,4,1225,0.00
L0290_1,O0290,P008,3,700,0.00
L0291_1,O0291,P006,4,550,0.10
L0291_2,O0291,P016,5,1300,0.10
L0291_3,O0291,P004,5,400,0.00
L0292_1,O0292,P018,1,1450,0.10
L0292_2,O0292,P015,5,1225,0.00
L0292_3,O0292,P014,1,1150,0.10
L0293_1,O0293,P015,3,1225,0.05
L0294_1,O0294,P008,2,700,0.10
L0295_1,O0295,P006,5,550,0.00
L0295_2,O0295,P007,2,625,0.00
L0295_3,O0295,P019,3,1525,0.10
L0295_4,O0295,P009,5,775,0.10
L0296_1,O0296,P010,5,850,0.05
L0296_2,O0296,P017,1,1375,0.00
L0296_3,O0296,P014,1,1150,0.05
L0297_1,O0297,P005,3,475,0.00
L0297_2,O0297,P013,4,1075,0.00
L0298_1,O0298,P013,4,1075,0.00
L0298_2,O0298,P003,4,325,0.10
L0298_3,O0298,P009,3,775,0.05
L0298_4,O0298,P016,3,1300,0.10
L0299_1,O0299,P012,1,1000,0.10
L0299_2,O0299,P013,2,1075,0.05
L0299_3,O0299,P007,4,625,0.05
L0299_4,O0299,P011,3,925,0.05
L0300_1,O0300,P019,4,1525,0.05
L0300_2,O0300,P002,1,250,0.00
BAD00,O0001,P008,-1,700,0.00
BAD01,O0001,P004,-1,400,0.00
BAD02,O0001,P019,-1,1525,0.00
BAD03,O0002,P008,5,700,1.50
BAD04,O0002,P001,5,175,1.50
BAD05,O0003,P015,5,1225,1.50
BAD06,O0003,P999,2,175,0.10
BAD07,O0004,P999,2,475,0.05
BAD08,,P004,1,400,0.05
BAD09,,P004,3,400,0.05
L0001_1,O0001,P008,2,700,0.00
L0001_2,O0001,P004,5,400,0.00
L0001_3,O0001,P019,4,1525,0.00
L0002_1,O0002,P008,5,700,0.10
L0002_2,O0002,P001,5,175,0.00
L0003_1,O0003,P015,5,1225,0.05
L0003_2,O0003,P001,2,175,0.10
L0004_1,O0004,P005,2,475,0.05
