order_id,customer_id,store_id,order_ts,status,channel
O0001,C015,S01,2026-07-01T09:00:00Z,completed,store
O0002,C004,S01,2026-07-02T10:00:00Z,completed,store
O0003,C070,S04,2026-07-03T11:00:00Z,completed,online
O0004,C055,S03,2026-07-04T12:00:00Z,completed,store
O0005,C078,S03,2026-07-05T13:00:00Z,completed,store
O0006,C049,S01,2026-07-06T14:00:00Z,completed,online
O0007,C030,S01,2026-07-07T15:00:00Z,completed,store
O0008,C022,S05,2026-07-08T16:00:00Z,completed,store
O0009,C042,S01,2026-07-09T17:00:00Z,completed,online
O0010,C073,S03,2026-07-10T18:00:00Z,cancelled,store
O0011,C018,S02,2026-07-11T19:00:00Z,completed,store
O0012,C012,S01,2026-07-12T08:00:00Z,completed,online
O0013,C055,S05,2026-07-13T09:00:00Z,completed,store
O0014,C060,S05,2026-07-14T10:00:00Z,completed,store
O0015,C056,S02,2026-07-15T11:00:00Z,completed,online
O0016,C021,S05,2026-07-16T12:00:00Z,completed,store
O0017,C003,S01,2026-07-17T13:00:00Z,completed,store
O0018,C069,S02,2026-07-18T14:00:00Z,completed,online
O0019,C055,S02,2026-07-19T15:00:00Z,completed,store
O0020,C058,S01,2026-07-20T16:00:00Z,cancelled,store
O0021,C030,S05,2026-07-21T17:00:00Z,completed,online
O0022,C005,S03,2026-07-22T18:00:00Z,completed,store
O0023,C063,S02,2026-07-23T19:00:00Z,completed,store
O0024,C025,S01,2026-07-24T08:00:00Z,completed,online
O0025,C053,S04,2026-07-25T09:00:00Z,completed,store
O0026,C044,S01,2026-07-26T10:00:00Z,completed,store
O0027,C024,S03,2026-07-27T11:00:00Z,completed,online
O0028,C063,S04,2026-07-28T12:00:00Z,completed,store
O0029,C034,S04,2026-07-29T13:00:00Z,completed,store
O0030,C075,S05,2026-07-30T14:00:00Z,cancelled,online
O0031,C075,S04,2026-07-31T15:00:00Z,completed,store
O0032,C009,S02,2026-08-01T16:00:00Z,completed,store
O0033,C041,S03,2026-08-02T17:00:00Z,completed,online
O0034,C039,S04,2026-08-03T18:00:00Z,completed,store
O0035,C065,S03,2026-08-04T19:00:00Z,completed,store
O0036,C057,S05,2026-08-05T08:00:00Z,completed,online
O0037,C015,S01,2026-08-06T09:00:00Z,completed,store
O0038,C034,S05,2026-08-07T10:00:00Z,completed,store
O0039,C057,S05,2026-08-08T11:00:00Z,completed,online
O0040,C017,S01,2026-08-09T12:00:00Z,cancelled,store
O0041,C053,S05,2026-08-10T13:00:00Z,completed,store
O0042,C043,S04,2026-08-11T14:00:00Z,completed,online
O0043,C061,S02,2026-08-12T15:00:00Z,completed,store
O0044,C025,S04,2026-08-13T16:00:00Z,completed,store
O0045,C015,S03,2026-08-14T17:00:00Z,completed,online
O0046,C045,S03,2026-08-15T18:00:00Z,completed,store
O0047,C069,S02,2026-08-16T19:00:00Z,completed,store
O0048,C040,S04,2026-08-17T08:00:00Z,completed,online
O0049,C073,S03,2026-08-18T09:00:00Z,completed,store
O0050,C057,S02,2026-08-19T10:00:00Z,cancelled,store
O0051,C019,S01,2026-08-20T11:00:00Z,completed,online
O0052,C010,S04,2026-08-21T12:00:00Z,completed,store
O0053,C029,S02,2026-08-22T13:00:00Z,completed,store
O0054,C079,S05,2026-08-23T14:00:00Z,completed,online
O0055,C057,S01,2026-08-24T15:00:00Z,completed,store
O0056,C050,S02,2026-08-25T16:00:00Z,completed,store
O0057,C054,S01,2026-08-26T17:00:00Z,completed,online
O0058,C062,S01,2026-08-27T18:00:00Z,completed,store
O0059,C035,S04,2026-08-28T19:00:00Z,completed,store
O0060,C073,S01,2026-08-29T08:00:00Z,cancelled,online
O0061,C024,S01,2026-08-30T09:00:00Z,completed,store
O0062,C033,S01,2026-08-31T10:00:00Z,completed,store
O0063,C080,S02,2026-09-01T11:00:00Z,completed,online
O0064,C060,S03,2026-09-02T12:00:00Z,completed,store
O0065,C040,S05,2026-09-03T13:00:00Z,completed,store
O0066,C069,S04,2026-09-04T14:00:00Z,completed,online
O0067,C047,S04,2026-09-05T15:00:00Z,completed,store
O0068,C069,S04,2026-09-06T16:00:00Z,completed,store
O0069,C049,S03,2026-09-07T17:00:00Z,completed,online
O0070,C063,S02,2026-09-08T18:00:00Z,cancelled,store
O0071,C011,S02,2026-09-09T19:00:00Z,completed,store
O0072,C032,S03,2026-09-10T08:00:00Z,completed,online
O0073,C059,S03,2026-09-11T09:00:00Z,completed,store
O0074,C028,S04,2026-09-12T10:00:00Z,completed,store
O0075,C023,S03,2026-09-13T11:00:00Z,completed,online
O0076,C006,S01,2026-09-14T12:00:00Z,completed,store
O0077,C044,S02,2026-09-15T13:00:00Z,completed,store
O0078,C009,S04,2026-09-16T14:00:00Z,completed,online
O0079,C054,S05,2026-09-17T15:00:00Z,completed,store
O0080,C055,S03,2026-09-18T16:00:00Z,cancelled,store
O0081,C028,S03,2026-09-19T17:00:00Z,completed,online
O0082,C071,S01,2026-09-20T18:00:00Z,completed,store
O0083,C005,S02,2026-09-21T19:00:00Z,completed,store
O0084,C015,S05,2026-09-22T08:00:00Z,completed,online
O0085,C040,S05,2026-09-23T09:00:00Z,completed,store
O0086,C057,S01,2026-09-24T10:00:00Z,completed,store
O0087,C033,S01,2026-09-25T11:00:00Z,completed,online
O0088,C003,S03,2026-09-26T12:00:00Z,completed,store
O0089,C057,S03,2026-09-27T13:00:00Z,completed,store
O0090,C045,S04,2026-09-28T14:00:00Z,cancelled,online
O0091,C052,S05,2026-07-01T15:00:00Z,completed,store
O0092,C033,S03,2026-07-02T16:00:00Z,completed,store
O0093,C070,S04,2026-07-03T17:00:00Z,completed,online
O0094,C037,S04,2026-07-04T18:00:00Z,completed,store
O0095,C012,S02,2026-07-05T19:00:00Z,completed,store
O0096,C020,S04,2026-07-06T08:00:00Z,completed,online
O0097,C050,S02,2026-07-07T09:00:00Z,completed,store
O0098,C001,S03,2026-07-08T10:00:00Z,completed,store
O0099,C043,S05,2026-07-09T11:00:00Z,completed,online
O0100,C049,S04,2026-07-10T12:00:00Z,cancelled,store
O0101,C013,S04,2026-07-11T13:00:00Z,completed,store
O0102,C019,S04,2026-07-12T14:00:00Z,completed,online
O0103,C051,S01,2026-07-13T15:00:00Z,completed,store
O0104,C037,S02,2026-07-14T16:00:00Z,completed,store
O0105,C013,S04,2026-07-15T17:00:00Z,completed,online
O0106,C046,S03,2026-07-16T18:00:00Z,completed,store
O0107,C080,S02,2026-07-17T19:00:00Z,completed,store
O0108,C010,S04,2026-07-18T08:00:00Z,completed,online
O0109,C062,S01,2026-07-19T09:00:00Z,completed,store
O0110,C038,S01,2026-07-20T10:00:00Z,cancelled,store
O0111,C025,S05,2026-07-21T11:00:00Z,completed,online
O0112,C017,S01,2026-07-22T12:00:00Z,completed,store
O0113,C035,S02,2026-07-23T13:00:00Z,completed,store
O0114,C051,S05,2026-07-24T14:00:00Z,completed,online
O0115,C034,S05,2026-07-25T15:00:00Z,completed,store
O0116,C009,S04,2026-07-26T16:00:00Z,completed,store
O0117,C031,S05,2026-07-27T17:00:00Z,completed,online
O0118,C020,S04,2026-07-28T18:00:00Z,completed,store
O0119,C036,S01,2026-07-29T19:00:00Z,completed,store
O0120,C046,S01,2026-07-30T08:00:00Z,cancelled,online
O0121,C017,S05,2026-07-31T09:00:00Z,completed,store
O0122,C043,S02,2026-08-01T10:00:00Z,completed,store
O0123,C070,S03,2026-08-02T11:00:00Z,completed,online
O0124,C076,S03,2026-08-03T12:00:00Z,completed,store
O0125,C017,S04,2026-08-04T13:00:00Z,completed,store
O0126,C047,S05,2026-08-05T14:00:00Z,completed,online
O0127,C079,S01,2026-08-06T15:00:00Z,completed,store
O0128,C057,S01,2026-08-07T16:00:00Z,completed,store
O0129,C009,S02,2026-08-08T17:00:00Z,completed,online
O0130,C065,S05,2026-08-09T18:00:00Z,cancelled,store
O0131,C054,S01,2026-08-10T19:00:00Z,completed,store
O0132,C011,S01,2026-08-11T08:00:00Z,completed,online
O0133,C055,S01,2026-08-12T09:00:00Z,completed,store
O0134,C062,S02,2026-08-13T10:00:00Z,completed,store
O0135,C015,S03,2026-08-14T11:00:00Z,completed,online
O0136,C078,S03,2026-08-15T12:00:00Z,completed,store
O0137,C040,S03,2026-08-16T13:00:00Z,completed,store
O0138,C068,S02,2026-08-17T14:00:00Z,completed,online
O0139,C021,S05,2026-08-18T15:00:00Z,completed,store
O0140,C055,S04,2026-08-19T16:00:00Z,cancelled,store
O0141,C040,S01,2026-08-20T17:00:00Z,completed,online
O0142,C028,S02,2026-08-21T18:00:00Z,completed,store
O0143,C049,S05,2026-08-22T19:00:00Z,completed,store
O0144,C006,S04,2026-08-23T08:00:00Z,completed,online
O0145,C074,S04,2026-08-24T09:00:00Z,completed,store
O0146,C014,S02,2026-08-25T10:00:00Z,completed,store
O0147,C015,S05,2026-08-26T11:00:00Z,completed,online
O0148,C019,S03,2026-08-27T12:00:00Z,completed,store
O0149,C064,S04,2026-08-28T13:00:00Z,completed,store
O0150,C008,S03,2026-08-29T14:00:00Z,cancelled,online
O0151,C005,S01,2026-08-30T15:00:00Z,completed,store
O0152,C075,S05,2026-08-31T16:00:00Z,completed,store
O0153,C025,S03,2026-09-01T17:00:00Z,completed,online
O0154,C057,S04,2026-09-02T18:00:00Z,completed,store
O0155,C077,S01,2026-09-03T19:00:00Z,completed,store
O0156,C043,S01,2026-09-04T08:00:00Z,completed,online
O0157,C011,S03,2026-09-05T09:00:00Z,completed,store
O0158,C024,S02,2026-09-06T10:00:00Z,completed,store
O0159,C070,S05,2026-09-07T11:00:00Z,completed,online
O0160,C077,S04,2026-09-08T12:00:00Z,cancelled,store
O0161,C057,S01,2026-09-09T13:00:00Z,completed,store
O0162,C025,S03,2026-09-10T14:00:00Z,completed,online
O0163,C062,S03,2026-09-11T15:00:00Z,completed,store
O0164,C011,S02,2026-09-12T16:00:00Z,completed,store
O0165,C054,S01,2026-09-13T17:00:00Z,completed,online
O0166,C018,S01,2026-09-14T18:00:00Z,completed,store
O0167,C033,S02,2026-09-15T19:00:00Z,completed,store
O0168,C031,S03,2026-09-16T08:00:00Z,completed,online
O0169,C080,S04,2026-09-17T09:00:00Z,completed,store
O0170,C069,S01,2026-09-18T10:00:00Z,cancelled,store
O0171,C031,S05,2026-09-19T11:00:00Z,completed,online
O0172,C061,S01,2026-09-20T12:00:00Z,completed,store
O0173,C043,S02,2026-09-21T13:00:00Z,completed,store
O0174,C023,S04,2026-09-22T14:00:00Z,completed,online
O0175,C066,S04,2026-09-23T15:00:00Z,completed,store
O0176,C052,S04,2026-09-24T16:00:00Z,completed,store
O0177,C078,S02,2026-09-25T17:00:00Z,completed,online
O0178,C055,S02,2026-09-26T18:00:00Z,completed,store
O0179,C021,S01,2026-09-27T19:00:00Z,completed,store
O0180,C047,S03,2026-09-28T08:00:00Z,cancelled,online
O0181,C047,S04,2026-07-01T09:00:00Z,completed,store
O0182,C016,S03,2026-07-02T10:00:00Z,completed,store
O0183,C058,S02,2026-07-03T11:00:00Z,completed,online
O0184,C066,S02,2026-07-04T12:00:00Z,completed,store
O0185,C064,S01,2026-07-05T13:00:00Z,completed,store
O0186,C040,S04,2026-07-06T14:00:00Z,completed,online
O0187,C017,S05,2026-07-07T15:00:00Z,completed,store
O0188,C020,S03,2026-07-08T16:00:00Z,completed,store
O0189,C037,S01,2026-07-09T17:00:00Z,completed,online
O0190,C022,S05,2026-07-10T18:00:00Z,cancelled,store
O0191,C006,S01,2026-07-11T19:00:00Z,completed,store
O0192,C027,S05,2026-07-12T08:00:00Z,completed,online
O0193,C010,S01,2026-07-13T09:00:00Z,completed,store
O0194,C078,S02,2026-07-14T10:00:00Z,completed,store
O0195,C031,S04,2026-07-15T11:00:00Z,completed,online
O0196,C019,S01,2026-07-16T12:00:00Z,completed,store
O0197,C054,S02,2026-07-17T13:00:00Z,completed,store
O0198,C064,S05,2026-07-18T14:00:00Z,completed,online
O0199,C007,S01,2026-07-19T15:00:00Z,completed,store
O0200,C018,S03,2026-07-20T16:00:00Z,cancelled,store
O0201,C071,S03,2026-07-21T17:00:00Z,completed,online
O0202,C071,S03,2026-07-22T18:00:00Z,completed,store
O0203,C048,S03,2026-07-23T19:00:00Z,completed,store
O0204,C018,S03,2026-07-24T08:00:00Z,completed,online
O0205,C039,S05,2026-07-25T09:00:00Z,completed,store
O0206,C043,S01,2026-07-26T10:00:00Z,completed,store
O0207,C062,S02,2026-07-27T11:00:00Z,completed,online
O0208,C027,S04,2026-07-28T12:00:00Z,completed,store
O0209,C069,S03,2026-07-29T13:00:00Z,completed,store
O0210,C039,S03,2026-07-30T14:00:00Z,cancelled,online
O0211,C036,S03,2026-07-31T15:00:00Z,completed,store
O0212,C051,S03,2026-08-01T16:00:00Z,completed,store
O0213,C033,S04,2026-08-02T17:00:00Z,completed,online
O0214,C014,S05,2026-08-03T18:00:00Z,completed,store
O0215,C030,S01,2026-08-04T19:00:00Z,completed,store
O0216,C061,S01,2026-08-05T08:00:00Z,completed,online
O0217,C026,S03,2026-08-06T09:00:00Z,completed,store
O0218,C023,S01,2026-08-07T10:00:00Z,completed,store
O0219,C059,S05,2026-08-08T11:00:00Z,completed,online
O0220,C024,S01,2026-08-09T12:00:00Z,cancelled,store
O0221,C042,S01,2026-08-10T13:00:00Z,completed,store
O0222,C043,S03,2026-08-11T14:00:00Z,completed,online
O0223,C031,S01,2026-08-12T15:00:00Z,completed,store
O0224,C052,S05,2026-08-13T16:00:00Z,completed,store
O0225,C059,S05,2026-08-14T17:00:00Z,completed,online
O0226,C058,S05,2026-08-15T18:00:00Z,completed,store
O0227,C020,S02,2026-08-16T19:00:00Z,completed,store
O0228,C008,S04,2026-08-17T08:00:00Z,completed,online
O0229,C060,S03,2026-08-18T09:00:00Z,completed,store
O0230,C028,S05,2026-08-19T10:00:00Z,cancelled,store
O0231,C009,S05,2026-08-20T11:00:00Z,completed,online
O0232,C037,S04,2026-08-21T12:00:00Z,completed,store
O0233,C049,S01,2026-08-22T13:00:00Z,completed,store
O0234,C017,S02,2026-08-23T14:00:00Z,completed,online
O0235,C070,S04,2026-08-24T15:00:00Z,completed,store
O0236,C031,S02,2026-08-25T16:00:00Z,completed,store
O0237,C058,S05,2026-08-26T17:00:00Z,completed,online
O0238,C057,S02,2026-08-27T18:00:00Z,completed,store
O0239,C074,S03,2026-08-28T19:00:00Z,completed,store
O0240,C072,S05,2026-08-29T08:00:00Z,cancelled,online
O0241,C049,S05,2026-08-30T09:00:00Z,completed,store
O0242,C029,S03,2026-08-31T10:00:00Z,completed,store
O0243,C068,S02,2026-09-01T11:00:00Z,completed,online
O0244,C049,S05,2026-09-02T12:00:00Z,completed,store
O0245,C072,S02,2026-09-03T13:00:00Z,completed,store
O0246,C031,S05,2026-09-04T14:00:00Z,completed,online
O0247,C064,S04,2026-09-05T15:00:00Z,completed,store
O0248,C048,S03,2026-09-06T16:00:00Z,completed,store
O0249,C026,S03,2026-09-07T17:00:00Z,completed,online
O0250,C044,S03,2026-09-08T18:00:00Z,cancelled,store
O0251,C005,S01,2026-09-09T19:00:00Z,completed,store
O0252,C030,S01,2026-09-10T08:00:00Z,completed,online
O0253,C080,S05,2026-09-11T09:00:00Z,completed,store
O0254,C003,S05,2026-09-12T10:00:00Z,completed,store
O0255,C051,S01,2026-09-13T11:00:00Z,completed,online
O0256,C052,S04,2026-09-14T12:00:00Z,completed,store
O0257,C068,S01,2026-09-15T13:00:00Z,completed,store
O0258,C036,S05,2026-09-16T14:00:00Z,completed,online
O0259,C027,S05,2026-09-17T15:00:00Z,completed,store
O0260,C073,S04,2026-09-18T16:00:00Z,cancelled,store
O0261,C056,S02,2026-09-19T17:00:00Z,completed,online
O0262,C077,S04,2026-09-20T18:00:00Z,completed,store
O0263,C024,S05,2026-09-21T19:00:00Z,completed,store
O0264,C047,S01,2026-09-22T08:00:00Z,completed,online
O0265,C047,S03,2026-09-23T09:00:00Z,completed,store
O0266,C056,S04,2026-09-24T10:00:00Z,completed,store
O0267,C053,S04,2026-09-25T11:00:00Z,completed,online
O0268,C067,S02,2026-09-26T12:00:00Z,completed,store
O0269,C039,S04,2026-09-27T13:00:00Z,completed,store
O0270,C064,S05,2026-09-28T14:00:00Z,cancelled,online
O0271,C043,S05,2026-07-01T15:00:00Z,completed,store
O0272,C023,S04,2026-07-02T16:00:00Z,completed,store
O0273,C015,S05,2026-07-03T17:00:00Z,completed,online
O0274,C060,S02,2026-07-04T18:00:00Z,completed,store
O0275,C010,S04,2026-07-05T19:00:00Z,completed,store
O0276,C011,S01,2026-07-06T08:00:00Z,completed,online
O0277,C052,S03,2026-07-07T09:00:00Z,completed,store
O0278,C048,S04,2026-07-08T10:00:00Z,completed,store
O0279,C019,S03,2026-07-09T11:00:00Z,completed,online
O0280,C058,S03,2026-07-10T12:00:00Z,cancelled,store
O0281,C015,S01,2026-07-11T13:00:00Z,completed,store
O0282,C072,S04,2026-07-12T14:00:00Z,completed,online
O0283,C076,S04,2026-07-13T15:00:00Z,completed,store
O0284,C059,S01,2026-07-14T16:00:00Z,completed,store
O0285,C015,S03,2026-07-15T17:00:00Z,completed,online
O0286,C016,S02,2026-07-16T18:00:00Z,completed,store
O0287,C074,S04,2026-07-17T19:00:00Z,completed,store
O0288,C058,S05,2026-07-18T08:00:00Z,completed,online
O0289,C018,S02,2026-07-19T09:00:00Z,completed,store
O0290,C011,S05,2026-07-20T10:00:00Z,cancelled,store
O0291,C036,S02,2026-07-21T11:00:00Z,completed,online
O0292,C035,S05,2026-07-22T12:00:00Z,completed,store
O0293,C032,S03,2026-07-23T13:00:00Z,completed,store
O0294,C012,S04,2026-07-24T14:00:00Z,completed,online
O0295,C076,S03,2026-07-25T15:00:00Z,completed,store
O0296,C022,S03,2026-07-26T16:00:00Z,completed,store
O0297,C017,S02,2026-07-27T17:00:00Z,completed,online
O0298,C074,S03,2026-07-28T18:00:00Z,completed,store
O0299,C001,S01,2026-07-29T19:00:00Z,completed,store
O0300,C071,S05,2026-07-30T08:00:00Z,cancelled,online
