return_id,line_id,return_quantity,return_ts,reason
R001,L0001_1,1,2026-09-30T12:00:00Z,damaged
R002,L0001_2,1,2026-09-30T12:00:00Z,changed_mind
R003,L0001_3,1,2026-09-30T12:00:00Z,damaged
R004,L0002_1,1,2026-09-30T12:00:00Z,changed_mind
R005,L0002_2,1,2026-09-30T12:00:00Z,damaged
R006,L0003_1,1,2026-09-30T12:00:00Z,changed_mind
R007,L0003_2,1,2026-09-30T12:00:00Z,damaged
R008,L0004_1,1,2026-09-30T12:00:00Z,changed_mind
R009,L0004_2,1,2026-09-30T12:00:00Z,damaged
R010,L0004_3,1,2026-09-30T12:00:00Z,changed_mind
R011,L0005_1,1,2026-09-30T12:00:00Z,damaged
R012,L0006_1,1,2026-09-30T12:00:00Z,changed_mind
R013,L0006_2,1,2026-09-30T12:00:00Z,damaged
R014,L0006_3,1,2026-09-30T12:00:00Z,changed_mind
R015,L0007_1,1,2026-09-30T12:00:00Z,damaged
R016,L0007_2,1,2026-09-30T12:00:00Z,changed_mind
R017,L0007_3,1,2026-09-30T12:00:00Z,damaged
R018,L0007_4,1,2026-09-30T12:00:00Z,changed_mind
R019,L0008_1,1,2026-09-30T12:00:00Z,damaged
R020,L0008_2,1,2026-09-30T12:00:00Z,changed_mind
R021,L0009_1,1,2026-09-30T12:00:00Z,damaged
R022,L0009_2,1,2026-09-30T12:00:00Z,changed_mind
R023,L0011_1,1,2026-09-30T12:00:00Z,damaged
R024,L0011_2,1,2026-09-30T12:00:00Z,changed_mind
R025,L0011_3,1,2026-09-30T12:00:00Z,damaged
R026,L0012_1,1,2026-09-30T12:00:00Z,changed_mind
R027,L0013_1,1,2026-09-30T12:00:00Z,damaged
R028,L0014_1,1,2026-09-30T12:00:00Z,changed_mind
R029,L0014_2,1,2026-09-30T12:00:00Z,damaged
R030,L0014_3,1,2026-09-30T12:00:00Z,changed_mind
